,,"Name (click to view profile)",Date,Likes,isHearted,isPinned,Comment,"Profile ID","Comment ID","Comment URL"
1,,"Withering Gamer","2021-11-16 12:29:47",0,no,no,"This song has so much potential",UC0G6RFMT_SMo4VbcAU4aAog,Ugz3R9p0hrJ6CssaWxJ4AaABAg,https://www.youtube.com/watch?v=PD1EXJScA6k&lc=Ugz3R9p0hrJ6CssaWxJ4AaABAg
2,,Luke,"2021-11-16 12:31:58",0,no,no,Underrated,UCGd-FYXgdMyd_AWR-419PeQ,Ugzo3T6x5SF87xgdEtV4AaABAg,https://www.youtube.com/watch?v=PD1EXJScA6k&lc=Ugzo3T6x5SF87xgdEtV4AaABAg
3,,"𝕜𝕚𝕓𝕠𝕦. 𝕩𝕚","2021-11-16 12:52:53",0,no,no,"stan YouTube recommendations because this was recommended to me sheeeeeeeeeeeeeeeesh all i can say is underrated lol i agree with the comments about saying this song is a hidden gem.",UCfKFLhZR4sPBnozwqQFri0Q,UgzS2FV_fxhpSHtxaU94AaABAg,https://www.youtube.com/watch?v=PD1EXJScA6k&lc=UgzS2FV_fxhpSHtxaU94AaABAg
4,,Morbid,"2021-11-16 22:25:06",0,no,no,"Yoo.. I can't stop listening to this...Finding this was a pure blessing",UCfEzPTVehwFtXqWuIyGmxkw,UgxGsvCpi89G5pK3V1N4AaABAg,https://www.youtube.com/watch?v=PD1EXJScA6k&lc=UgxGsvCpi89G5pK3V1N4AaABAg
5,,"kamayki yamberla","2021-11-17 02:32:37",1,no,no,"es la mejor canción<3 ,solo espero q no la quemen en tik tok",UCVvqjEtn60MNijUIOlhrXqQ,UgwBH806Pv4L-8sWCEt4AaABAg,https://www.youtube.com/watch?v=PD1EXJScA6k&lc=UgwBH806Pv4L-8sWCEt4AaABAg
6,,"Marvel Agbabiaka","2021-11-17 04:12:50",0,no,no,✝️,UC9tO40APuQbXvc4blMWDpLQ,UgzdD8L71h8iH7jHD794AaABAg,https://www.youtube.com/watch?v=PD1EXJScA6k&lc=UgzdD8L71h8iH7jHD794AaABAg
7,,"mah tal","2021-11-17 06:25:43",0,no,no,"still underrated",UCKWaBf8lNDN6-FiCw7lYPVQ,Ugz-A_y-tbKK8tECV294AaABAg,https://www.youtube.com/watch?v=PD1EXJScA6k&lc=Ugz-A_y-tbKK8tECV294AaABAg
8,,"Justin Lape","2021-11-17 08:22:46",1,no,no,"POV: you Can from TikTok 😭😭",UCS52cglKFAkELe80HabHIhg,Ugz1TXvvYzS87bnbVel4AaABAg,https://www.youtube.com/watch?v=PD1EXJScA6k&lc=Ugz1TXvvYzS87bnbVel4AaABAg
9,,тнσr,"2021-11-17 13:02:50",0,no,no,"escuchenla con auriculares (audifonos)",UC49J4NMYUvK1xJReQOI1vRA,UgytUsJitcndxyNTzRF4AaABAg,https://www.youtube.com/watch?v=PD1EXJScA6k&lc=UgytUsJitcndxyNTzRF4AaABAg
10,,"Andy Chauca","2021-11-17 14:31:45",0,no,no,"I love is song ;(",UC1Fskkmsg4PDr5suk2SZBfA,UgzdzGuWxeOvPgwRqUJ4AaABAg,https://www.youtube.com/watch?v=PD1EXJScA6k&lc=UgzdzGuWxeOvPgwRqUJ4AaABAg
11,,"Doray Santos","2021-11-17 15:00:06",0,no,no,"18k?! What ,heres a subscribed👍",UCzz652e_Fq2ptoP1uQB5XYA,UgxPDcFPoIg7X1naX5Z4AaABAg,https://www.youtube.com/watch?v=PD1EXJScA6k&lc=UgxPDcFPoIg7X1naX5Z4AaABAg
12,,Gustav0,"2021-11-17 15:58:28",0,no,no,"Bom pra caralho",UC9fla8kj8-u8bEFdEnUa-0Q,UgwBJzUdWJpnSEC7OB94AaABAg,https://www.youtube.com/watch?v=PD1EXJScA6k&lc=UgwBJzUdWJpnSEC7OB94AaABAg
13,,Qaiou,"2021-11-17 16:53:51",0,no,no,"I thought this was a Spanish song",UCOlXGnaQeSGoeV-Eah8MHEA,Ugx0qZZrR_vBYmr7zSl4AaABAg,https://www.youtube.com/watch?v=PD1EXJScA6k&lc=Ugx0qZZrR_vBYmr7zSl4AaABAg
14,,april43,"2021-11-17 18:49:23",0,no,no,"my fav lullaby",UCs-8q6-u2h4Ka1gEk2HwtnQ,UgwUNcACwoY0rCpi0px4AaABAg,https://www.youtube.com/watch?v=PD1EXJScA6k&lc=UgwUNcACwoY0rCpi0px4AaABAg
15,,Jimmy,"2021-11-18 01:12:12",0,no,no,"Found this song on Tiktok, and imma be fr tiktoks got some legendary songs except for some overplayed songs, i hope to keep this song a hidden gem forever",UC--H6rhjs1ay86cGfH_JM9A,UgyanoT5NcPE--E7VpJ4AaABAg,https://www.youtube.com/watch?v=PD1EXJScA6k&lc=UgyanoT5NcPE--E7VpJ4AaABAg
16,,"Naimi lol","2021-11-18 01:48:50",0,no,no,"me trying to run away from my problenms",UC05vklu8KmNDXf7ZO9YisYQ,Ugxm786DoandjG6Wnxl4AaABAg,https://www.youtube.com/watch?v=PD1EXJScA6k&lc=Ugxm786DoandjG6Wnxl4AaABAg
17,,ᴴᵒⁿᵉʸ♤ᵇᵃᵇᵉ.,"2021-11-18 03:16:20",0,no,no,"Escuché esta canción en el estado de una amiga lo tarareé en google y me salió d1, que piola 
Qué buen servicio.⭐⭐⭐⭐⭐",UCmz_Vz3AZXv7lZ5dWYa4KyA,UgwuM9DSzomtJa5xUQV4AaABAg,https://www.youtube.com/watch?v=PD1EXJScA6k&lc=UgwuM9DSzomtJa5xUQV4AaABAg
18,,"Carlos E","2021-11-18 03:16:58",0,no,no,"Thanks TikTok",UCkwzon8vpykkMkZu1OqXLYw,Ugxor3_u0dK0GFW96-94AaABAg,https://www.youtube.com/watch?v=PD1EXJScA6k&lc=Ugxor3_u0dK0GFW96-94AaABAg
19,,"T R U N K S •","2021-11-18 05:24:33",0,no,no,"it's normal 🙃.",UCE9soQ2Y3oxyKM1YCrL-YWg,UgyGsgBs85Nf00P-Sod4AaABAg,https://www.youtube.com/watch?v=PD1EXJScA6k&lc=UgyGsgBs85Nf00P-Sod4AaABAg
20,,DnightO,"2021-11-18 07:38:19",0,no,no,"I remember when this had 80,000 views how did it get 400 ?",UCPQsVtUtIG1KjnysIyA-Asw,Ugxxl-qx27SQUVfu6nx4AaABAg,https://www.youtube.com/watch?v=PD1EXJScA6k&lc=Ugxxl-qx27SQUVfu6nx4AaABAg
21,,"Saint Cyber","2021-11-18 08:36:27",0,no,no,"Favorite somg",UC87op4XX6as69SeZi8llX_g,UgwujgXwRU0s8dqdwAt4AaABAg,https://www.youtube.com/watch?v=PD1EXJScA6k&lc=UgwujgXwRU0s8dqdwAt4AaABAg
22,,"Juliana Sio","2021-11-18 15:37:21",0,no,no,"i love your work man keep it up",UCgeNtaq2FjYsyD3tXdQxNDw,Ugyekg1GgVlW_snU5fh4AaABAg,https://www.youtube.com/watch?v=PD1EXJScA6k&lc=Ugyekg1GgVlW_snU5fh4AaABAg
23,,"Vinícius Campos Ferreira","2021-11-18 20:00:06",0,no,no,"i wanna know what the clip means",UCoKULtIRJAA5oFo0Ec8Opyw,UgyNQjXVsNEFxBFbqhF4AaABAg,https://www.youtube.com/watch?v=PD1EXJScA6k&lc=UgyNQjXVsNEFxBFbqhF4AaABAg
24,,Lıκαяσш,"2021-11-18 21:20:21",0,no,no,"A real masterpiece, you really deserve the success on this song, it is really such a good vibe… Thanks 🙇🏼‍♂️💖",UC8hIOEKvO92NT-zvOv1atEA,Ugw3i-MehbUefS2T2Rx4AaABAg,https://www.youtube.com/watch?v=PD1EXJScA6k&lc=Ugw3i-MehbUefS2T2Rx4AaABAg
25,,"Hüseyin Talha ERDOĞAN","2021-11-18 21:41:52",0,no,no,"My birthday and i listen this song.",UCBklPd8cwP-YeN2I6x9sy2w,UgyGsVVIJVS2SPyozvB4AaABAg,https://www.youtube.com/watch?v=PD1EXJScA6k&lc=UgyGsVVIJVS2SPyozvB4AaABAg
26,,"Sol Durand","2021-11-18 22:11:49",1,no,no,👍🏽👍🏽👍🏽,UCIuXWMEcmtsRSKVEhXOFIcg,UgzacRPoX2lYSCgqdJR4AaABAg,https://www.youtube.com/watch?v=PD1EXJScA6k&lc=UgzacRPoX2lYSCgqdJR4AaABAg
27,,"Ren Sellars","2021-11-19 03:04:20",0,no,no,"i’m in love w this song",UCzhuzSVvtR-R_iZMdnRi-2w,UgwvU1WXspy406foPuR4AaABAg,https://www.youtube.com/watch?v=PD1EXJScA6k&lc=UgwvU1WXspy406foPuR4AaABAg
28,,"Liam A.","2021-11-19 03:51:36",0,no,no,"mierda son muy god man:(",UCaDJMn7AiicIQE8hAd6e6Qw,Ugz5OPnt2W7ti441ZOd4AaABAg,https://www.youtube.com/watch?v=PD1EXJScA6k&lc=Ugz5OPnt2W7ti441ZOd4AaABAg
29,,bigbraingoat,"2021-11-19 04:56:47",0,no,no,"700th comment love your song btw",UCOE2Ia8FdVzMs_W4lQL3Q0g,Ugxum8PChysq1pW85894AaABAg,https://www.youtube.com/watch?v=PD1EXJScA6k&lc=Ugxum8PChysq1pW85894AaABAg
30,,"Forrest Richard","2021-11-19 06:11:55",0,no,no,"Love this song",UCR-5MMzaJ7LMoJbV0jiV4DA,Ugwu8YJsVbPbJ-cH0UZ4AaABAg,https://www.youtube.com/watch?v=PD1EXJScA6k&lc=Ugwu8YJsVbPbJ-cH0UZ4AaABAg
31,,"Carlos Alejandro Rodriguez","2021-11-19 07:12:48",0,no,no,"I remember accidentally typing notion instead of potion in Apple music and this song came up. Been a banger ever since",UCN598K1kONljlBQo4cjbHyg,UgwnOgEY3tR5SARrgRJ4AaABAg,https://www.youtube.com/watch?v=PD1EXJScA6k&lc=UgwnOgEY3tR5SARrgRJ4AaABAg
32,,Freqtion,"2021-11-19 08:24:48",0,no,no,.,UCxImQ8ON52SIm7vCmUWsi7Q,Ugxq60r1RTVWK17z4yF4AaABAg,https://www.youtube.com/watch?v=PD1EXJScA6k&lc=Ugxq60r1RTVWK17z4yF4AaABAg
33,,"Mohammed Hosny","2021-11-19 13:15:26",0,no,no,"Please let's take a moment of silence for those who can't find this song because I was one of them.",UCEY22oMKVqYVAl80q-wdk8w,UgzsXiJXz8n89VUP24l4AaABAg,https://www.youtube.com/watch?v=PD1EXJScA6k&lc=UgzsXiJXz8n89VUP24l4AaABAg
34,,"Romașcan Camelia","2021-11-19 14:47:56",0,no,no,"The definition of a happy vibe:",UC3oKy9-v9aEltejXsh3ZLuA,UgwWIuitxgXpStqlR2h4AaABAg,https://www.youtube.com/watch?v=PD1EXJScA6k&lc=UgwWIuitxgXpStqlR2h4AaABAg
35,,deda,"2021-11-19 16:53:57",1,no,no,"I’m here because tiktok",UCIkJSstVO7wvV_x6GaeCRoQ,Ugz8Z7pwXbi5KKgGvgd4AaABAg,https://www.youtube.com/watch?v=PD1EXJScA6k&lc=Ugz8Z7pwXbi5KKgGvgd4AaABAg
36,,"KAIO RODRIGO","2021-11-19 17:06:29",0,no,no,"Tendi poha nenhuma",UCWeMw4yLGDDYM3kvw0fkmcw,Ugxr879r_-N7bBcAk0V4AaABAg,https://www.youtube.com/watch?v=PD1EXJScA6k&lc=Ugxr879r_-N7bBcAk0V4AaABAg
37,,"dark mis","2021-11-19 17:44:47",0,no,no,"Pedro depressões",UCr7NtQYRnyHTlZXvdmuTMZA,UgwJ8G1d74IUZUhlmIZ4AaABAg,https://www.youtube.com/watch?v=PD1EXJScA6k&lc=UgwJ8G1d74IUZUhlmIZ4AaABAg
38,,Shiro,"2021-11-19 20:20:45",0,no,no,a,UCH7sw5aiTzcwBOXQGX3CqFg,UgwNdcG4by_n3IqPEIN4AaABAg,https://www.youtube.com/watch?v=PD1EXJScA6k&lc=UgwNdcG4by_n3IqPEIN4AaABAg
39,,YAR,"2021-11-19 21:10:34",0,no,no,"Wish I could of this song a long time
ago",UCjJwRDzPSt1i0yqwUa3PTVA,UgzPKyuiqhtrtLCUOnZ4AaABAg,https://www.youtube.com/watch?v=PD1EXJScA6k&lc=UgzPKyuiqhtrtLCUOnZ4AaABAg
40,,"Paz Gutierrez","2021-11-19 22:55:13",1,no,no,"Esto es demasiado perfecto...",UCdUeFK5PbIYG7nvhxacmu4Q,UgyEiEvx2mvmFT33XLJ4AaABAg,https://www.youtube.com/watch?v=PD1EXJScA6k&lc=UgyEiEvx2mvmFT33XLJ4AaABAg
41,,"Anton Teza","2021-11-20 02:56:58",1,no,no,"what is the girl's name?",UC_LJyfaD6gcFGYUb0nXrdpw,UgwlLR6i6OWklX6GEA14AaABAg,https://www.youtube.com/watch?v=PD1EXJScA6k&lc=UgwlLR6i6OWklX6GEA14AaABAg
42,,Journè,"2021-11-20 03:25:04",90,no,no,"I lost a close friend this week. We both loved this song cause we would always skateboard to it. This song helps me understand that I have to live no matter what! I’m so happy this song is here for me. In his memory, long live Magdiel<3",UCbT9OfqvHHVbpIhsHWHh1bw,Ugw02uJCkmvf0ZIWrQ94AaABAg,https://www.youtube.com/watch?v=PD1EXJScA6k&lc=Ugw02uJCkmvf0ZIWrQ94AaABAg
43,,"LiL spencers ","2021-11-20 03:47:07",4,no,no,"This song helped me through some tough times, love your music ❤",UCydbRLkYVbd15SfkR7dZtkA,UgxqDpV2kMuGjANd5Kd4AaABAg,https://www.youtube.com/watch?v=PD1EXJScA6k&lc=UgxqDpV2kMuGjANd5Kd4AaABAg
44,,"Noah Hernandez","2021-11-20 08:24:48",0,no,no,"Love the song and the rare occasions but wtf is this video",UCs3_35V4QOqNEOgoIu_xckA,UgzR17uiPnwB9wiV_7t4AaABAg,https://www.youtube.com/watch?v=PD1EXJScA6k&lc=UgzR17uiPnwB9wiV_7t4AaABAg
45,,"Dogumgunu Hediyesi","2021-11-20 12:58:49",0,no,no,"Tiktokta emin ol çoğu kişi senin şarkını dinliyor",UCIW47bohshJLauAsZCw2s1g,UgzJeJLA8-bxVzUu6SN4AaABAg,https://www.youtube.com/watch?v=PD1EXJScA6k&lc=UgzJeJLA8-bxVzUu6SN4AaABAg
46,,pitchie,"2021-11-20 15:53:47",0,no,no,"Omg i found it. A gem ❤️",UCSCpc0spVBF9-FUVsecynhg,Ugz7OaH7eVRaH1wHset4AaABAg,https://www.youtube.com/watch?v=PD1EXJScA6k&lc=Ugz7OaH7eVRaH1wHset4AaABAg
47,,"GIAN 11","2021-11-20 18:10:46",1,no,no,"This is such a masterpiece❤️ this needs more views ngl.",UCcZ6remAq8uXucxAMAxxf7Q,UgwMGUxSc4nhZuvKXYF4AaABAg,https://www.youtube.com/watch?v=PD1EXJScA6k&lc=UgwMGUxSc4nhZuvKXYF4AaABAg
48,,Edentation,"2021-11-20 21:03:26",0,no,no,"I really like the start",UCqB8hXykuh9PPWfm7MqFNXA,UgzHHMQzHnuxY-4fGg94AaABAg,https://www.youtube.com/watch?v=PD1EXJScA6k&lc=UgzHHMQzHnuxY-4fGg94AaABAg
49,,tui,"2021-11-21 02:25:36",0,no,no,"Algum BR em 2021?",UCjRXSs5w0s5akplh3r9XakQ,UgzuE2KPK-p2StIESMh4AaABAg,https://www.youtube.com/watch?v=PD1EXJScA6k&lc=UgzuE2KPK-p2StIESMh4AaABAg
50,,"Ana Yasmin","2021-11-21 04:24:29",0,no,no,"Lo que sentí con esta canción fue algo raro pero bonito",UC6HvZPtMvjWUEVAm6HIUhtg,UgwwDCFzllDyXiYqpOV4AaABAg,https://www.youtube.com/watch?v=PD1EXJScA6k&lc=UgwwDCFzllDyXiYqpOV4AaABAg
51,,"Suci Rezky_","2021-11-21 04:52:23",0,no,no,"Ini bakalan lagu ter vav saya dari dulu Ampe sekarang",UCA0S9XyA45tcd7NMaySAx3w,Ugxvdt26-a2GAXJsOYx4AaABAg,https://www.youtube.com/watch?v=PD1EXJScA6k&lc=Ugxvdt26-a2GAXJsOYx4AaABAg
52,,"Nancy Martínez","2021-11-21 05:27:30",0,no,no,<3,UC9-uKQX5W8MEs-kJJCYMrDA,UgzzTJ1lG1gN5IT5UMJ4AaABAg,https://www.youtube.com/watch?v=PD1EXJScA6k&lc=UgzzTJ1lG1gN5IT5UMJ4AaABAg
53,,Sympetix,"2021-11-21 08:01:20",0,no,no,"This hits different <3",UCsweyt2AFmTAW6h9H4Dkc-Q,UgweZLimg7zfGIOGm-B4AaABAg,https://www.youtube.com/watch?v=PD1EXJScA6k&lc=UgweZLimg7zfGIOGm-B4AaABAg
54,,Superior,"2021-11-21 11:45:14",0,no,no,"it's a good song, surprising that other people don't know it",UCsOvWktyj2MZhwu_oBVqOqA,UgyAKZ4fJ9skM-BFWxd4AaABAg,https://www.youtube.com/watch?v=PD1EXJScA6k&lc=UgyAKZ4fJ9skM-BFWxd4AaABAg
55,,"33-อรรฆพร ขอจงดี","2021-11-21 13:09:11",0,no,no,😳👍,UC9qOqwTmN42IIAeLfSLhcVQ,UgxTLgkGslQ7CrlcKHx4AaABAg,https://www.youtube.com/watch?v=PD1EXJScA6k&lc=UgxTLgkGslQ7CrlcKHx4AaABAg
56,,"Артем Кузик","2021-11-21 14:39:22",0,no,no,"Тік ток",UC5b5nJhzVixM2n34wfZJwxg,Ugx9OFmum6Qn3d9G5L54AaABAg,https://www.youtube.com/watch?v=PD1EXJScA6k&lc=Ugx9OFmum6Qn3d9G5L54AaABAg
57,,"BLAK_STAR _ SAMURAI","2021-11-21 17:43:16",0,no,no,😔,UC3xMmEF5Ho19mXcb3SNS0-A,UgxcbH_7qIKDlLpR0Vl4AaABAg,https://www.youtube.com/watch?v=PD1EXJScA6k&lc=UgxcbH_7qIKDlLpR0Vl4AaABAg
58,,Lxnny,"2021-11-21 20:02:35",0,no,no,"bruh the original video has way less views than the others lol",UCqR_ZPrYrig9-CQOHZvm_ZA,UgzF0phtSUmCzU3QwTt4AaABAg,https://www.youtube.com/watch?v=PD1EXJScA6k&lc=UgzF0phtSUmCzU3QwTt4AaABAg
59,,"Emirhan Gul","2021-11-21 20:31:28",0,no,no,"I CAN HEAR THEM, THE TIKTOKERS ARE COMING... Sadge",UCbb6cgbEv9meVR7rHzSzRTQ,UgzcPDdhzF2ntLwHF3N4AaABAg,https://www.youtube.com/watch?v=PD1EXJScA6k&lc=UgzcPDdhzF2ntLwHF3N4AaABAg
60,,"i eat cement","2021-11-21 20:36:46",1,no,no,"This has that one feeling where your leaving to a new school and just leaving your 6th grade friend group and just cant say goodbye to them",UCOVJPEKHXwT__96fqoKJIlw,Ugz-DIoa2b4HYpEDLW54AaABAg,https://www.youtube.com/watch?v=PD1EXJScA6k&lc=Ugz-DIoa2b4HYpEDLW54AaABAg
61,,"Gio Lua","2021-11-21 21:04:26",1,no,no,"Gives  me Strokes&Cage of the elephant vibes and its perfect 🔥",UCIEZ3u9s4SVtk-S8CbeErzg,UgzIGUBjXj-qA3UooFd4AaABAg,https://www.youtube.com/watch?v=PD1EXJScA6k&lc=UgzIGUBjXj-qA3UooFd4AaABAg
62,,uwu,"2021-11-22 00:59:00",0,no,no,"cual es el significado del video? a que se refiere?",UCut0-ahIICUo_0CTcr8uBnw,Ugy_xwOMlcmpAf743PZ4AaABAg,https://www.youtube.com/watch?v=PD1EXJScA6k&lc=Ugy_xwOMlcmpAf743PZ4AaABAg
63,,"Ur mother 😎","2021-11-22 01:01:29",0,no,no,"I feel like bass boosting this would be legendary",UCtFYxPGJiuE5IwxwOo50OXA,UgwGa4jiljKKdHMi1Bt4AaABAg,https://www.youtube.com/watch?v=PD1EXJScA6k&lc=UgwGa4jiljKKdHMi1Bt4AaABAg
64,,"Santiago Homann","2021-11-22 02:30:58",0,no,no,"this? this is good",UCWlKJPl9HreIyRpxRyPzYtQ,UgxiyMFRfZGCDlXrFj94AaABAg,https://www.youtube.com/watch?v=PD1EXJScA6k&lc=UgxiyMFRfZGCDlXrFj94AaABAg
65,,"HOTDOG Codm","2021-11-22 06:47:07",0,no,no,"So Nostalgic..",UCognky--tR9W-35aKpJVaeg,Ugw8ZxhkPxpBuGTPAll4AaABAg,https://www.youtube.com/watch?v=PD1EXJScA6k&lc=Ugw8ZxhkPxpBuGTPAll4AaABAg
66,,reclusive,"2021-11-22 07:25:01",0,no,no,"i feel like this song can go with mostly any emotion",UCzmQ7yYGV-Kx5BsBcn0kvkg,UgwvADjhs0vbOLl2mn54AaABAg,https://www.youtube.com/watch?v=PD1EXJScA6k&lc=UgwvADjhs0vbOLl2mn54AaABAg
67,,"Young Falla","2021-11-22 09:52:01",0,no,no,"Llegué por tiktok, amo esta canción",UCxEC5m1TaTEcAK1y4ccaAew,UgxxR3Q4zDf2HRVNAMp4AaABAg,https://www.youtube.com/watch?v=PD1EXJScA6k&lc=UgxxR3Q4zDf2HRVNAMp4AaABAg
68,,"Iky Nasution99","2021-11-22 13:00:19",0,no,no,"I’m coming is 2022",UCiBTzOIekdJcPWTH4uoG8zw,UgyrhYitzW5JZFDnmkZ4AaABAg,https://www.youtube.com/watch?v=PD1EXJScA6k&lc=UgyrhYitzW5JZFDnmkZ4AaABAg
69,,nachtfaust910,"2021-11-22 13:30:05",1,no,no,"Is it just me or is the girl so slow, like run faster idk why it annoys me so much lol",UCJypkFCTTKqu1CIbQs7ncjA,UgysLIdB9g4B5j6n1GR4AaABAg,https://www.youtube.com/watch?v=PD1EXJScA6k&lc=UgysLIdB9g4B5j6n1GR4AaABAg
70,,"Deviyanti Tanjung","2021-11-22 15:34:48",0,no,no,"But I don't need the comfort of any lies....",UC364LfE79EQhVSSrN-v9NKA,UgwSToQAqlZiIlI1StZ4AaABAg,https://www.youtube.com/watch?v=PD1EXJScA6k&lc=UgwSToQAqlZiIlI1StZ4AaABAg
71,,"yahir v.v","2021-11-22 19:07:16",0,no,no,:'v🥀,UCLoiUyn_n3Gbop0S8Lcgbbg,UgxVAhEaAvVkJqGDZQd4AaABAg,https://www.youtube.com/watch?v=PD1EXJScA6k&lc=UgxVAhEaAvVkJqGDZQd4AaABAg
72,,"Soos Zoos","2021-11-22 19:53:01",0,no,no,"Fantastic music video holy shit",UC55FJSupU5dAzJycIp13f2A,Ugyw8KuOO3rpM601AWJ4AaABAg,https://www.youtube.com/watch?v=PD1EXJScA6k&lc=Ugyw8KuOO3rpM601AWJ4AaABAg
73,,Mauricio,"2021-11-22 20:34:10",0,no,no,"I recognize i come from tik tok",UCdgs6SrRHaV1vhZPVFLLrvg,UgxAyx8JvDqorIth8xJ4AaABAg,https://www.youtube.com/watch?v=PD1EXJScA6k&lc=UgxAyx8JvDqorIth8xJ4AaABAg
74,,"Tori Raymond","2021-11-22 21:57:09",0,no,no,"i’m so upset that i’m just discovering this song…",UC4Av-pbvz9Tm0qbF1DJMPsw,Ugwx0l43DVYov8oCi7B4AaABAg,https://www.youtube.com/watch?v=PD1EXJScA6k&lc=Ugwx0l43DVYov8oCi7B4AaABAg
75,,"Nayely Comun S","2021-11-22 23:39:27",0,no,no,"chale, esta canción es muy buena sin embargo tiene poco apoyo :ccc",UCU7EyVcRxxqkjxwrk8ecYXg,UgxQa2mFleEaWY2ZCnZ4AaABAg,https://www.youtube.com/watch?v=PD1EXJScA6k&lc=UgxQa2mFleEaWY2ZCnZ4AaABAg
76,,"Gabriel Muller","2021-11-23 01:05:47",0,no,no,"Yo solo quiero estar en la ciudad de noche caminando escuchando esta cancion",UCxEeQRaNU5MZUR2FY7mY-tQ,UgyH_YS7G9QaonTIPZl4AaABAg,https://www.youtube.com/watch?v=PD1EXJScA6k&lc=UgyH_YS7G9QaonTIPZl4AaABAg
77,,"Jason Stead","2021-11-23 01:12:34",1,no,no,"Sure it's a calming notion, perpetual in motion
But I don't need the comfort of any lies
For I have seen the ending and there is no ascending
Rise
Oh, back when I was younger, was told by other youngsters
That my end will be torture beneath the earth
'Cause I don't see what they see, when death is staring at me
I see a window, a limit, to live it, or not at all
If you could pull the lever to carry on forever
Would your life even matter anymore?
Sure it's a calming notion, perpetual in motion
But it's not what you signed up for
I'm sure there won't always be sunshine
But there's this momentary beam of light
You don't have to wait those salty decades
To get through the gate, it's all in front of your face
I'm sure there won't always be sunshine
I'm sure there won't always be sunshine
But there's this momentary beam of light
I could cross the ocean in a fit of devotion
For every shining second, this fragile body beckons
You think you're owed it better believing ancient letters
Sure it's a calming notion, but it's a lie",UCmtfOJbV-VfNn32lihr05KA,UgwIqkc1Ec7TvFrS7yV4AaABAg,https://www.youtube.com/watch?v=PD1EXJScA6k&lc=UgwIqkc1Ec7TvFrS7yV4AaABAg
78,,"Daniel Chung","2021-11-23 03:04:50",0,no,no,"Bless my friend for sending me a reel on IG because I have been blessed with this amazing song!!! Only wish now I could hear it again for the first time!",UCb2l6izdvR2kT7BbJb0svtA,UgwfdCQPqajiwxfIlKV4AaABAg,https://www.youtube.com/watch?v=PD1EXJScA6k&lc=UgwfdCQPqajiwxfIlKV4AaABAg
79,,"JACK BAUMGARDNER","2021-11-23 03:17:42",0,no,no,"Gives me surf curse vibes love it 😊",UC2RR8JBUBSIIYC_KPW5wJhQ,UgxBa8Sgh1Vryj53Wgl4AaABAg,https://www.youtube.com/watch?v=PD1EXJScA6k&lc=UgxBa8Sgh1Vryj53Wgl4AaABAg
80,,"Bayu Zulianto","2021-11-23 11:28:01",0,no,no,"This so good song and the best!!!",UCYGbZpx25VopJDzOnGcPsVw,UgyXE6rHbBF_xgYhlw94AaABAg,https://www.youtube.com/watch?v=PD1EXJScA6k&lc=UgyXE6rHbBF_xgYhlw94AaABAg
81,,"At Yi","2021-11-23 12:06:53",0,no,no,"Commenting to mark my presence before the 1m 😼",UCJ89EHqUs4xdp0uOM8gRKkQ,UgwJbd5Cy8NErH1VEDh4AaABAg,https://www.youtube.com/watch?v=PD1EXJScA6k&lc=UgwJbd5Cy8NErH1VEDh4AaABAg
82,,"Ezequiel comic","2021-11-23 16:21:18",0,no,no,"I love this song in fact it made me cry since it brought me nostagia because at this time my mother was cooking and the lady was the same as her with the same aroma and everything and more the song I could not bear the tears.......tanks you <3",UC08V0eVYYBQq5eHpRjg3jWQ,UgwO8drsl7BZXOyA5jl4AaABAg,https://www.youtube.com/watch?v=PD1EXJScA6k&lc=UgwO8drsl7BZXOyA5jl4AaABAg
83,,"WissaM GameR","2021-11-23 19:49:20",0,no,no,"You dont know how much i love this song",UCZ5dWR92tMFnnCWI1I_Aflw,UgxjYWC5LyI_DwgWvel4AaABAg,https://www.youtube.com/watch?v=PD1EXJScA6k&lc=UgxjYWC5LyI_DwgWvel4AaABAg
84,,"Pedro coutinho","2021-11-23 22:40:07",0,no,no,"O videoclip mais aleatorio do mundo 😊",UCpQf_NAimv6nAZjgcbMGqjg,UgyanUeTVVWb2FdTniB4AaABAg,https://www.youtube.com/watch?v=PD1EXJScA6k&lc=UgyanUeTVVWb2FdTniB4AaABAg
85,,iLoveJesuschrist,"2021-11-23 23:53:33",0,no,no,"John 3:16
For God so loved the world, that he gave his only begotten Son, that whosoever believeth in him should not perish, but have everlasting lifeRomans 10 : 9 That if thou shalt confess with thy mouth the Lord Jesus, and shalt believe in thine heart that God hath raised him from the dead, thou shalt be saved.",UC-3DSqpkXASPTTON2uUDUxQ,UgwPs_OzhGRHdpt1hvR4AaABAg,https://www.youtube.com/watch?v=PD1EXJScA6k&lc=UgwPs_OzhGRHdpt1hvR4AaABAg
86,,bshaun,"2021-11-24 05:30:04",0,no,no,"Showed this to my religion teacher who is now atheist",UC9OBZ1FjXyKJ7_atpkKJ1bw,UgwplVm2ohoKutKrBzd4AaABAg,https://www.youtube.com/watch?v=PD1EXJScA6k&lc=UgwplVm2ohoKutKrBzd4AaABAg
87,,roxi,"2021-11-24 08:47:04",0,no,no,"can someone explain the video to me",UCx8skNxIxTRPAvryzEt4Chw,UgxQ3UxxMXfqF7p8L1J4AaABAg,https://www.youtube.com/watch?v=PD1EXJScA6k&lc=UgxQ3UxxMXfqF7p8L1J4AaABAg
88,,"Just Obvious","2021-11-24 09:34:12",1,no,no,"Id gladly cry my eyes out to this song at 3am",UCiwP4Yk5L4-QGRad-xPFsRw,UgzW2u8ndPGeE9QB4X94AaABAg,https://www.youtube.com/watch?v=PD1EXJScA6k&lc=UgzW2u8ndPGeE9QB4X94AaABAg
89,,Creesy,"2021-11-24 16:05:31",3,no,no,"Such a good song❤",UCcA5XM45LLdwJixbTuNSYtQ,UgxV3kw3tQh0fXLArKN4AaABAg,https://www.youtube.com/watch?v=PD1EXJScA6k&lc=UgxV3kw3tQh0fXLArKN4AaABAg
90,,"Kali Hellboy","2021-11-24 16:35:41",2,no,no,"love this song 🖤🌹",UCG2GqyxvCtOZRy7ukUXuz5g,UgxY6wI7xTYc_p61RG14AaABAg,https://www.youtube.com/watch?v=PD1EXJScA6k&lc=UgxY6wI7xTYc_p61RG14AaABAg
91,,"alguien en internet","2021-11-24 18:05:16",2,no,no,"Lol i find a song that will be popular in the future

-me 24/November/2021",UCW55py2w31SMzwR_UUpxkig,UgzcsxyhD8Usdcp1b_V4AaABAg,https://www.youtube.com/watch?v=PD1EXJScA6k&lc=UgzcsxyhD8Usdcp1b_V4AaABAg
92,,"Diego Garcia","2021-11-24 19:29:55",1,no,no,"W pg",UC0wBXz_htikiSImzSKw_eZw,UgwD1MRqUNzkke76kQt4AaABAg,https://www.youtube.com/watch?v=PD1EXJScA6k&lc=UgwD1MRqUNzkke76kQt4AaABAg
93,,"Gerardo Gomez","2021-11-24 23:10:33",0,no,no,"I'm makein dis shii into a drill song fs",UCKkEkK8J0JeS9SHka2S6soQ,UgwsxJjR25ncHXGp7rV4AaABAg,https://www.youtube.com/watch?v=PD1EXJScA6k&lc=UgwsxJjR25ncHXGp7rV4AaABAg
94,,"JAKE zzz","2021-11-25 00:41:58",0,no,no,"Im here before this video got 400k views 🤙",UC4V4VI8IYxCbDU-bX7o0T3Q,Ugw6fRHBa-Hym-rMUCF4AaABAg,https://www.youtube.com/watch?v=PD1EXJScA6k&lc=Ugw6fRHBa-Hym-rMUCF4AaABAg
95,,"JAKE zzz","2021-11-25 00:42:15",0,no,no,"This song is so good, congrats!",UC4V4VI8IYxCbDU-bX7o0T3Q,Ugzbj-IBxzyQPK5hY714AaABAg,https://www.youtube.com/watch?v=PD1EXJScA6k&lc=Ugzbj-IBxzyQPK5hY714AaABAg
96,,GamerStar55,"2021-11-25 02:50:29",1,no,no,"Phineas porque? :c",UCXmwjwVcC8Wg6RDVHwljYNg,UgxWRis4Su0tVOfhALx4AaABAg,https://www.youtube.com/watch?v=PD1EXJScA6k&lc=UgxWRis4Su0tVOfhALx4AaABAg
97,,"Aryana Wright","2021-11-25 04:09:48",0,no,no,"Love the vibes of this song",UCmiFhGKb42u1cNNMsbVYxqw,UgzDebHhJI8fEfr4ANZ4AaABAg,https://www.youtube.com/watch?v=PD1EXJScA6k&lc=UgzDebHhJI8fEfr4ANZ4AaABAg
98,,dat-PUS,"2021-11-25 04:49:56",0,no,no,"Finally I found is",UCuZ8cBT66jFsOscoeFER7hA,UgxoJ4PJBetueaVeB5N4AaABAg,https://www.youtube.com/watch?v=PD1EXJScA6k&lc=UgxoJ4PJBetueaVeB5N4AaABAg
99,,"Mad Chicken","2021-11-25 06:03:04",0,no,no,"This song is so good I can't believe it's only 500k views
Feel bad for those who don't know this song",UCs_pL-6voYH-Z1SRkm4pIkw,UgxHQT-WFjWm28EfV6N4AaABAg,https://www.youtube.com/watch?v=PD1EXJScA6k&lc=UgxHQT-WFjWm28EfV6N4AaABAg
100,,Maquinista,"2021-11-25 07:42:37",0,no,no,"Best music to chill<3",UCQ74FrJCudAPVQPToWzLQxw,UgzzsPu81haFhmjysL54AaABAg,https://www.youtube.com/watch?v=PD1EXJScA6k&lc=UgzzsPu81haFhmjysL54AaABAg
